{
  "resources": [
    "/audio/sounds/eq_audio.ogg",
    "/audio/sounds/eq_audio.m4a",
    "/audio/sounds/eq_audio.mp3",
    "/audio/sounds/eq_audio.ac3"
  ],
  "spritemap": {
    "arrow": {
      "start": 0,
      "end": 0.49997732426303854,
      "loop": false
    },
    "bite": {
      "start": 2,
      "end": 2.2882766439909297,
      "loop": false
    },
    "cannon1": {
      "start": 4,
      "end": 5.769637188208617,
      "loop": false
    },
    "cannon2": {
      "start": 7,
      "end": 8.4640589569161,
      "loop": false
    },
    "cannon5": {
      "start": 10,
      "end": 13.303061224489795,
      "loop": false
    },
    "castle_door_lock_02": {
      "start": 15,
      "end": 17.063673469387755,
      "loop": false
    },
    "chink": {
      "start": 19,
      "end": 19.887777777777778,
      "loop": false
    },
    "finale": {
      "start": 21,
      "end": 36.75950113378685,
      "loop": false
    },
    "fireball": {
      "start": 38,
      "end": 39.724104308390025,
      "loop": false
    },
    "flamestrike": {
      "start": 41,
      "end": 41.64655328798186,
      "loop": false
    },
    "howl": {
      "start": 43,
      "end": 47.864943310657594,
      "loop": false
    },
    "oceanlap": {
      "start": 49,
      "end": 52.783424036281176,
      "loop": false
    },
    "oceansgull": {
      "start": 54,
      "end": 63.28836734693878,
      "loop": false
    },
    "open_door_1": {
      "start": 92,
      "end": 93.22126984126984,
      "loop": false
    },
    "pop": {
      "start": 68,
      "end": 68.33598639455782,
      "loop": false
    },
    "punch": {
      "start": 70,
      "end": 70.3018820861678,
      "loop": false
    },
    "roar": {
      "start": 72,
      "end": 73.55569160997733,
      "loop": false
    },
    "smallcannon": {
      "start": 75,
      "end": 75.5375283446712,
      "loop": false
    },
    "sword_miss": {
      "start": 77,
      "end": 77.30034013605442,
      "loop": false
    },
    "throwknife": {
      "start": 79,
      "end": 79.75657596371882,
      "loop": false
    },
    "wind01": {
      "start": 81,
      "end": 90.08800453514739,
      "loop": false
    },
    "pickup": {
      "start": 95,
      "end": 95.3437641723356,
      "loop": false
    },
    "goliathtree": {
      "start": 97,
      "end": 97.47310657596371,
      "loop": false
    }
  }
}