{
  "resources": [
    "/audio/sounds/eq_audio.ogg",
    "/audio/sounds/eq_audio.m4a",
    "/audio/sounds/eq_audio.mp3",
    "/audio/sounds/eq_audio.ac3"
  ],
  "spritemap": {
    "arrow": {
      "start": 0,
      "end": 0.49997732426303854,
      "loop": false
    },
    "bite": {
      "start": 2,
      "end": 2.2882766439909297,
      "loop": false
    },
    "cannon1": {
      "start": 4,
      "end": 5.769637188208617,
      "loop": false
    },
    "cannon2": {
      "start": 7,
      "end": 8.4640589569161,
      "loop": false
    },
    "castle_door_lock_02": {
      "start": 10,
      "end": 12.063673469387755,
      "loop": false
    },
    "chink": {
      "start": 14,
      "end": 14.887777777777778,
      "loop": false
    },
    "eq_audio": {
      "start": 16,
      "end": 451,
      "loop": false
    },
    "finale": {
      "start": 452,
      "end": 467.75950113378684,
      "loop": false
    },
    "flamestrike": {
      "start": 469,
      "end": 469.6465532879819,
      "loop": false
    },
    "howl": {
      "start": 471,
      "end": 475.8649433106576,
      "loop": false
    },
    "lavamud": {
      "start": 477,
      "end": 482.6425623582766,
      "loop": false
    },
    "oceanlap": {
      "start": 484,
      "end": 487.7834240362812,
      "loop": false
    },
    "oceansgull": {
      "start": 489,
      "end": 498.2883673469388,
      "loop": false
    },
    "open_door_1": {
      "start": 523,
      "end": 524.2212698412699,
      "loop": false
    },
    "pop": {
      "start": 503,
      "end": 503.33598639455784,
      "loop": false
    },
    "roar": {
      "start": 505,
      "end": 506.5556916099773,
      "loop": false
    },
    "sword_miss": {
      "start": 508,
      "end": 508.30034013605444,
      "loop": false
    },
    "throwknife": {
      "start": 510,
      "end": 510.75657596371883,
      "loop": false
    },
    "wind01": {
      "start": 512,
      "end": 521.0880045351474,
      "loop": false
    },
    "pickup": {
      "start": 526,
      "end": 526.3437641723356,
      "loop": false
    }
  }
}