{
  "resources": [
    "/audio/sounds/eq_audio.ogg",
    "/audio/sounds/eq_audio.m4a",
    "/audio/sounds/eq_audio.mp3",
    "/audio/sounds/eq_audio.ac3"
  ],
  "spritemap": {
    "arrow": {
      "start": 0,
      "end": 0.49997732426303854,
      "loop": false
    },
    "bite": {
      "start": 2,
      "end": 2.2882766439909297,
      "loop": false
    },
    "cannon1": {
      "start": 4,
      "end": 5.769637188208617,
      "loop": false
    },
    "cannon2": {
      "start": 7,
      "end": 8.4640589569161,
      "loop": false
    },
    "castle_door_lock_02": {
      "start": 10,
      "end": 12.063673469387755,
      "loop": false
    },
    "chink": {
      "start": 14,
      "end": 14.887777777777778,
      "loop": false
    },
    "eq_audio": {
      "start": 16,
      "end": 642,
      "loop": false
    },
    "finale": {
      "start": 643,
      "end": 658.7595011337869,
      "loop": false
    },
    "fireball": {
      "start": 660,
      "end": 661.72410430839,
      "loop": false
    },
    "flamestrike": {
      "start": 663,
      "end": 663.6465532879819,
      "loop": false
    },
    "howl": {
      "start": 665,
      "end": 669.8649433106576,
      "loop": false
    },
    "oceanlap": {
      "start": 671,
      "end": 674.7834240362812,
      "loop": false
    },
    "oceansgull": {
      "start": 676,
      "end": 685.2883673469388,
      "loop": false
    },
    "open_door_1": {
      "start": 712,
      "end": 713.2212698412699,
      "loop": false
    },
    "pop": {
      "start": 690,
      "end": 690.3359863945578,
      "loop": false
    },
    "punch": {
      "start": 692,
      "end": 692.3018820861678,
      "loop": false
    },
    "roar": {
      "start": 694,
      "end": 695.5556916099773,
      "loop": false
    },
    "sword_miss": {
      "start": 697,
      "end": 697.3003401360544,
      "loop": false
    },
    "throwknife": {
      "start": 699,
      "end": 699.7565759637188,
      "loop": false
    },
    "wind01": {
      "start": 701,
      "end": 710.0880045351474,
      "loop": false
    },
    "pickup": {
      "start": 715,
      "end": 715.3437641723356,
      "loop": false
    }
  }
}