{
  "resources": [
    "/audio/sounds/eq_audio.ogg",
    "/audio/sounds/eq_audio.m4a",
    "/audio/sounds/eq_audio.mp3",
    "/audio/sounds/eq_audio.ac3"
  ],
  "spritemap": {
    "arrow": {
      "start": 0,
      "end": 0.49997732426303854,
      "loop": false
    },
    "bite": {
      "start": 2,
      "end": 2.2882766439909297,
      "loop": false
    },
    "cannon1": {
      "start": 4,
      "end": 5.769637188208617,
      "loop": false
    },
    "cannon2": {
      "start": 7,
      "end": 8.4640589569161,
      "loop": false
    },
    "chink": {
      "start": 10,
      "end": 10.887777777777778,
      "loop": false
    },
    "eq_audio": {
      "start": 12,
      "end": 223,
      "loop": false
    },
    "flamestrike": {
      "start": 224,
      "end": 224.64655328798185,
      "loop": false
    },
    "howl": {
      "start": 226,
      "end": 230.8649433106576,
      "loop": false
    },
    "lavamud": {
      "start": 232,
      "end": 237.64256235827665,
      "loop": false
    },
    "oceanlap": {
      "start": 239,
      "end": 242.7834240362812,
      "loop": false
    },
    "oceansgull": {
      "start": 244,
      "end": 253.28836734693877,
      "loop": false
    },
    "open_door_1": {
      "start": 278,
      "end": 279.2212698412698,
      "loop": false
    },
    "pop": {
      "start": 258,
      "end": 258.33598639455784,
      "loop": false
    },
    "roar": {
      "start": 260,
      "end": 261.5556916099773,
      "loop": false
    },
    "sword_miss": {
      "start": 263,
      "end": 263.30034013605444,
      "loop": false
    },
    "throwknife": {
      "start": 265,
      "end": 265.75657596371883,
      "loop": false
    },
    "wind01": {
      "start": 267,
      "end": 276.0880045351474,
      "loop": false
    },
    "pickup": {
      "start": 281,
      "end": 281.3437641723356,
      "loop": false
    }
  }
}