{
  "resources": [
    "/audio/sounds/eq_audio.ogg",
    "/audio/sounds/eq_audio.m4a",
    "/audio/sounds/eq_audio.mp3",
    "/audio/sounds/eq_audio.ac3"
  ],
  "spritemap": {
    "arrow": {
      "start": 0,
      "end": 0.49997732426303854,
      "loop": false
    },
    "bite": {
      "start": 2,
      "end": 2.2882766439909297,
      "loop": false
    },
    "cannon1": {
      "start": 4,
      "end": 5.769637188208617,
      "loop": false
    },
    "cannon2": {
      "start": 7,
      "end": 8.4640589569161,
      "loop": false
    },
    "castle_door_lock_02": {
      "start": 10,
      "end": 12.063673469387755,
      "loop": false
    },
    "chink": {
      "start": 14,
      "end": 14.887777777777778,
      "loop": false
    },
    "eq_audio": {
      "start": 16,
      "end": 544,
      "loop": false
    },
    "finale": {
      "start": 545,
      "end": 560.7595011337869,
      "loop": false
    },
    "fireball": {
      "start": 562,
      "end": 563.72410430839,
      "loop": false
    },
    "flamestrike": {
      "start": 565,
      "end": 565.6465532879819,
      "loop": false
    },
    "howl": {
      "start": 567,
      "end": 571.8649433106576,
      "loop": false
    },
    "lavamud": {
      "start": 573,
      "end": 578.6425623582767,
      "loop": false
    },
    "oceanlap": {
      "start": 580,
      "end": 583.7834240362812,
      "loop": false
    },
    "oceansgull": {
      "start": 585,
      "end": 594.2883673469388,
      "loop": false
    },
    "open_door_1": {
      "start": 621,
      "end": 622.2212698412699,
      "loop": false
    },
    "pop": {
      "start": 599,
      "end": 599.3359863945578,
      "loop": false
    },
    "punch": {
      "start": 601,
      "end": 601.3018820861678,
      "loop": false
    },
    "roar": {
      "start": 603,
      "end": 604.5556916099773,
      "loop": false
    },
    "sword_miss": {
      "start": 606,
      "end": 606.3003401360544,
      "loop": false
    },
    "throwknife": {
      "start": 608,
      "end": 608.7565759637188,
      "loop": false
    },
    "wind01": {
      "start": 610,
      "end": 619.0880045351474,
      "loop": false
    },
    "pickup": {
      "start": 624,
      "end": 624.3437641723356,
      "loop": false
    }
  }
}